contrast,n_shared_genes,pearson_r,spearman_rho
tems_vs_ph73,73,0.9945972934736953,0.9952795261014441
ph65_vs_ph73,73,0.9902286978013717,0.9852832284339134
