context,n_contrasts,mean_up_fraction,mean_down_fraction,mean_arm_gap_down_minus_up,mean_total_concordance_fraction,n_supportive_contrasts,supportive_contrasts
Cross-helminth moDC LPS background,3,0.7017543859649122,0.43396226415094336,-0.2677921218139689,0.5046296296296297,0,
Cross-helminth moDC resting,2,0.39473684210526316,0.660377358490566,0.26564051638530284,0.5902777777777778,0,
Direct human Brugia exposure,6,0.5303030303030303,0.6666666666666666,0.1363636363636364,0.6354166666666666,0,
Natural human filarial infection,3,0.4000000000000001,0.5087719298245613,0.1087719298245614,0.47798742138364775,0,
Same-parasite L3 Langerhans exposure,1,0.2777777777777778,0.4807692307692308,0.202991452991453,0.4285714285714285,0,
