motif_name,motif_seq,genes_with_motif,total_genes,observed,expected,fold_change,pval_enrichment,pval_depletion,significant_depletion
bma-miR-2c,TGTGAT,4,54,6,14.107061269518116,0.4253189154969165,0.994853507118289,0.013324885461362282,True
bma-miR-5366,CTGCTA,4,54,8,16.329317705335693,0.48991636664561655,0.9918011878339141,0.018349400486602278,True
bma-miR-5360,GATTCG,1,54,1,15.584735901980537,0.0641653478306885,0.9999998295350105,2.827116829987541e-06,True
bma-miR-252,TACTTA,2,54,4,12.33969067475983,0.32415723419889153,0.9982386451575769,0.005987518222030796,True
