motif_name,motif_seq,genes_with_motif,total_genes,observed,expected,fold_change,pval_enrichment,pval_depletion,significant_depletion
bma-miR-2c,CTGTGAT,0,54,0,3.8581721151361466,0.0,1.0,0.02110654461774675,True
bma-miR-5366,GCTGCTA,1,54,2,4.2623046947917915,0.46922971096924304,0.9258552198800463,0.20213110840511525,False
bma-miR-5360,CGATTCG,1,54,1,4.2623046947917915,0.23461485548462152,0.9859102077093073,0.07414478011995375,False
bma-miR-252,CTACTTA,2,54,4,3.3748099310828463,1.1852519346820087,0.43612794710974867,0.7488520215389272,False
