contrast,median_delta,mean_delta,wilcoxon_statistic,p_value,n_donors,fdr
M1_minus_M0,-0.17147960217720515,-0.09351431579773206,2.0,0.375,4,0.375
M2_minus_M0,0.1830511274469071,0.2205271241862301,1.0,0.25,4,0.375
M2_minus_M1,0.2944528487226332,0.31404143998396217,0.0,0.125,4,0.375
